"","transit","driving","walking","bicycling"
"Abrera",NA,6821,103725,26865
"Ager",NA,NA,NA,NA
"Agramunt",NA,8346,109530,31918
"Aguilar de Segarra",NA,6289,88263,24573
"Agullana",NA,10580.5,110890,33916
"Aiguafreda",NA,7463,84328,26660
"Aiguamurcia",NA,9552.375,133192,36778
"Aiguaviva",NA,8331,100149,33978
"Aitona",NA,10488,159161,44618
"Alamus",NA,9159,136463,38290
"Alas i Cerc",NA,5516,61656,14697
"Albages",NA,10341,146266,41250
"Albanya",NA,11178,97216,33278
"Albatarrec",NA,9494,147230,41377
"Albesa",NA,9937,138480,37591
"Albi",NA,NA,NA,NA
"Albinyana",NA,9148,138930,39238
"Albiol",NA,NA,NA,NA
"Albons",NA,10272,110504,34472
"Alcanar",NA,13436,229505.125,62580
"Alcano",NA,NA,NA,NA
"Alcarras",NA,10028,151714,42414
"Alcoletge",NA,9287,138159,38518.5
"Alcover",NA,10133,145460,40333
"Aldea",NA,NA,NA,NA
"Aldover",NA,13315,215555,61689
"Aleixar",NA,10664,158898,44479
"Alella",NA,7871,115421,35642
"Alfara de Carles",NA,14142,223421,62735
"Alfarras",NA,10086,143951,39146
"Alfes",NA,NA,NA,NA
"Alforja",NA,11353,163585,45213
"Algerri",NA,9629,139289,37681
"Alguaire",NA,9721,146187,39563
"Alins",NA,8721,97160,29467
"Alio",NA,NA,NA,NA
"Almacelles",NA,10159,153242,41529
"Almatret",NA,11369,171309,48946
"Almenar",NA,10112,146826,39687
"Almoster",NA,10789,154002,42435
"Alos de Balaguer",NA,8974,119052,31577
"Alp",NA,NA,NA,NA
"Alpens",NA,6338,44004,16105
"Alpicat",NA,9832,148874,41847
"Alt Aneu",NA,9665,142906,33816
"Altafulla",NA,9392,149824,42055
"Amer",NA,NA,NA,NA
"Ametlla de Mar",NA,11522,189126,52555
"Ametlla del Valles",NA,7602,97113,29533
"Ampolla",NA,NA,NA,NA
"Amposta",NA,12539,212195,58135
"Angles",NA,NA,NA,NA
"Anglesola",NA,8031,114168,32323
"Arbeca",NA,9003,128927,36207
"Arboc",NA,NA,NA,NA
"Arboli",NA,11761,163903,46286
"Arbucies",NA,7646,98893,31792
"Arenys de Mar",NA,8912,119754.25,39780
"Arenys de Munt",NA,8893,115575,38244
"Argelaguer",NA,8385,74742,24407
"Argencola",NA,7791,107436,30722
"Argentera",NA,29659,459591,129847
"Argentona",NA,8341.25,116004,35925
"Armentera",NA,10247,108431,33782
"Arnes",NA,NA,NA,NA
"Arres",NA,13158.625,174938.5,46953
"Arseguel",NA,3689,53270,10768
"Artes",NA,NA,NA,NA
"Artesa de Lleida",NA,9672,141560,39882
"Artesa de Segre",NA,7874,111806,29453
"Asco",NA,NA,NA,NA
"Aspa",NA,NA,NA,NA
"Avellanes i Santa Linya",NA,10408,136659,37644
"Avia",NA,NA,NA,NA
"Avinyo",NA,5740,67807,19105
"Avinyonet de Puigventos",NA,9540,94872,29721
"Avinyonet del Penedes",NA,8338,119939,33695
"Badalona",NA,7867,116989,34045
"Badia del Valles",NA,7151,110261,30600
"Baga",NA,NA,NA,NA
"Baix Pallars",NA,8435,111208,30006
"Balaguer",NA,9114.75,128765.375,34906
"Balenya",NA,7000,78817,25096
"Balsareny",NA,4993,64077,17093
"Banyeres del Penedes",NA,8793,131092,37151
"Banyoles",NA,9455.875,86969,28148
"Barbens",NA,8400,116975,33058
"Barbera de la Conca",NA,9453,128716,36172
"Barbera del Valles",NA,7170,109548,30753
"Barcelona",NA,8019,119953,34001
"Baronia de Rialb",NA,7501,97949,25716
"Bascara",NA,9470,96010,30926
"Bassella",NA,6509,88464,22536
"Batea",NA,13949.875,200595,57447
"Bausen",NA,13282,167964,48892
"Begues",NA,9004,127102,33721
"Begur",NA,10631,123612,38493
"Belianes",NA,8774,124277,34866
"Bellaguarda",NA,NA,NA,NA
"Bellcaire d'Emporda",NA,10458,112204,35038
"Bellcaire d'Urgell",NA,8930,123073,33648
"Bell-lloc d'Urgell",NA,8914,133607,37581
"Bellmunt d'Urgell",NA,9051,119450,32740
"Bellmunt del Priorat",NA,11843,180714,50248
"Bellprat",NA,8149,114799,30647
"Bellpuig",NA,8233,119534,33820
"Bellvei",NA,8952.125,134268.25,38416
"Bellver de Cerdanya",NA,2463,12493,6298
"Bellvis",NA,9127,129838,36419
"Benavent de Segria",NA,9569,142824,38949
"Benifallet",NA,13078,203471,59023
"Benissanet",NA,12354,193511,55217
"Berga",NA,4125,41461,10447
"Besalu",NA,NA,NA,NA
"Bescano",NA,8893,96412,32548
"Beuda",NA,8962,81442,26284
"Bigues i Riells",NA,7947,96818,28939
"Biosca",NA,7382,89404,25310
"Bisbal d'Emporda",NA,10481,113009,35000
"Bisbal de Falset",NA,12379.5,165613,47853
"Bisbal del Penedes",NA,8803,136882,38684
"Biure",NA,10526.375,104944,32467
"Blancafort",NA,29071.875,525581,163131
"Blanes",NA,9578,120226,39307
"Boadella i les Escaules",NA,10757.375,103877,32775
"Bolvir",NA,2923,20314,8285
"Bonastre",NA,NA,NA,NA
"Bordes",NA,15910,221177,69126
"Bordils",NA,9434,101986,31979
"Borges Blanques",NA,9249,132953,37394
"Borges del Camp",NA,10517,160642,44568
"Borrassa",NA,9675,96071,30044
"Borreda",NA,5346.25,35209.75,13029
"Bossost",NA,12506,169445,47151
"Bot",NA,NA,NA,NA
"Botarell",NA,10750,164056,45460
"Bovera",NA,11606,164020,47829
"Brafim",NA,9376,138473,38120
"Breda",NA,48006,910513,283142
"Bruc",NA,6916,94695,25863
"Brull",NA,NA,NA,NA
"Brunyola i Sant Marti Sapresa",NA,8103,95789,32238
"Cabaces",NA,13318.5,172946,50752
"Cabanabona",NA,7842.375,99405,27659
"Cabanelles",NA,9076,88760,27944
"Cabanes",NA,15863,274364,73860
"Cabanyes",NA,8004,120089,33590
"Cabo",NA,NA,NA,NA
"Cabra del Camp",NA,9795,130938,36999
"Cabrera d'Anoia",NA,7570,108572,29924
"Cabrera de Mar",NA,8149,119041,37289
"Cabrils",NA,8395,115840,37055
"Cadaques",NA,12341.75,122977,37825
"Calaf",NA,6583,90536,26150
"Calafell",NA,9145,137577,39100
"Calders",NA,NA,NA,NA
"Caldes d'Estrac",NA,8640,121058,39597
"Caldes de Malavella",NA,8413,108475,36801.375
"Caldes de Montbui",NA,8011.5,96903,28818
"Calella",NA,9229,123000,41001
"Calldetenes",NA,6492,71816,23569
"Callus",NA,NA,NA,NA
"Calonge de Segarra",NA,6763,90330,25789
"Calonge i Sant Antoni",NA,9853,121139,42108
"Camarasa",NA,NA,NA,NA
"Camarles",NA,12293,204346,56350
"Cambrils",NA,10645,165259,46548
"Camos",NA,NA,NA,NA
"Campdevanol",NA,5546,36558,12572
"Campelles",NA,5995,42025,14768
"Campins",NA,NA,NA,35198
"Campllong",NA,8534,107043,36080
"Camprodon",NA,7477,56291,17534
"Canejan",NA,18474,310607,100975
"Canet d'Adri",NA,9278,93467,32987
"Canet de Mar",NA,8686,119738,40612
"Canonja",NA,10274,158669,44115
"Canovelles",NA,7615,102980,31426
"Canoves i Samalus",NA,8606,102940,32198
"Cantallops",NA,10897.5,112270,34078
"Canyelles",NA,8337,127588,36044
"Capafonts",NA,11990.75,154551,45211
"Capcanes",NA,11790,181774,50382
"Capellades",NA,6984,104660,28210
"Capmany",NA,10780.375,107409,33157
"Capolat",NA,5155,50294,12017
"Cardedeu",NA,8275.125,105615,32366
"Cardona",NA,NA,NA,NA
"Carme",NA,7268,106180,28511
"Caseres",NA,14072.875,206769,59916
"Cassa de la Selva",NA,8874,109420,36208
"Casserres",NA,4414,50804,13406
"Castell de l'Areny",NA,4974,31685,12613
"Castell de Mur",NA,10943,124897,33996
"Castellar de la Ribera",NA,7081,80084,22441
"Castellar de n'Hug",NA,4583,26925,9118
"Castellar del Riu",NA,4762,47405,11819
"Castellar del Valles",NA,7691,101007,27507
"Castellbell i el Vilar",NA,6108,89912,24013
"Castellbisbal",NA,7206,109838.25,28544
"Castellcir",NA,7385,83444,24036
"Castelldans",NA,9814,139775,39083
"Castelldefels",NA,8519,129099,34176
"Castellet i la Gornal",NA,8740,131707,37312
"Castellfollit de la Roca",NA,8088,67603,22036
"Castellfollit de Riubregos",NA,6975,88466,25513
"Castellfollit del Boix",NA,6422,91591,24738
"Castellgali",NA,5967,83968,22697
"Castellnou de Bages",NA,6047,69591,18791
"Castellnou de Seana",NA,8330,120981,34128
"Castello d'Empuries",NA,10649,105574,32674
"Castello de Farfanya",NA,9404.75,133613,36144
"Castelloli",NA,6678,96892,26264
"Castell-Platja d'Aro",NA,9666,125300,40660
"Castellsera",NA,8770,118456,33793
"Castelltercol",NA,7061,83588,23482
"Castellvell del Camp",NA,11181.25,155429,42974
"Castellvi de la Marca",NA,8671,128262,35831
"Castellvi de Rosanes",NA,8043,112321.75,29383
"Catllar",NA,7038,70318,24172
"Cava",NA,NA,NA,NA
"Cellera de Ter",NA,8389,88330,30141
"Celra",NA,9182,99438,31388
"Centelles",NA,6769,80275,25977
"Cercs",NA,3621,40270,8837
"Cerdanyola del Valles",NA,7410,111009,31744
"Cervello",NA,NA,NA,NA
"Cervera",NA,7314,NA,29385
"Cervia de les Garrigues",NA,10280,142842,40276
"Cervia de Ter",NA,9411,99364,31543
"Cistella",NA,10158,97060,30393
"Ciutadilla",NA,8509,119479,33487
"Clariana de Cardener",NA,6193,68235,18945
"Cogul",NA,10418,145853,41406
"Colera",NA,11833.875,118951,36283
"Coll de Nargo",NA,5588,76253,18305
"Collbato",NA,7055,98582,26135
"Colldejou",NA,11884,174569,48120
"Collsuspina",NA,7055,76838,23121
"Colomers",NA,9865,104813,32975
"Coma i la Pedra",NA,6845,66581,18719
"Conca de Dalt",NA,9247,104310,28731
"Conesa",NA,8719,NA,NA
"Constanti",NA,9973,153845,42492
"Copons",NA,7396,97861,28793
"Corbera d'Ebre",NA,12949.875,190859,54376
"Corbera de Llobregat",NA,8143,116458,31103
"Corbins",NA,9380,139386,38072
"Corca",NA,NA,NA,NA
"Cornella de Llobregat",NA,7924,122080,32309
"Cornella del Terri",NA,9103,90956,29244
"Cornudella de Montsant",NA,12060,159921,47029
"Creixell",NA,9453,145376,40928
"Crespia",NA,9315,87696,27997
"Cruilles, Monells i Sant Sadurni de l'Heura",NA,10336,110128,34407
"Cubelles",NA,8845,137254,41691
"Cubells",NA,8172,116483,30966
"Cunit",NA,8942,138031,39743
"Darnius",NA,10910.75,107755,33597
"Das",NA,NA,NA,NA
"Deltebre",NA,12585,207906,57497
"Dosrius",NA,8675,113275,34838
"Duesaigues",NA,11540,169785,46788
"Escala",NA,NA,NA,NA
"Esparreguera",NA,7055,101764,26616
"Espinelves",NA,6890,83059,26971
"Espluga Calba",NA,9472,130095,37070
"Espluga de Francoli",NA,9777,135788,38195
"Esplugues de Llobregat",NA,8019.125,122113,32143
"Espolla",NA,10850.375,109456,33471
"Esponella",NA,9546,86452,28027
"Espot",NA,NA,NA,NA
"Espunyola",NA,4534,48297,12080
"Esquirol",NA,10530.125,139306.75,42768.25
"Estamariu",NA,4367,47972,12469
"Estany",NA,6548,72221,22180
"Estaras",NA,7384,99122,28330
"Esterri d'Aneu",NA,8997,136003,32298
"Esterri de Cardos",NA,9183,100791,30390
"Falset",NA,11582,176516,48751
"Far d'Emporda",NA,10072.875,100447,31352
"Farrera",NA,8949,85855,24792
"Fatarella",NA,13070,185938,54225
"Febro",NA,NA,NA,NA
"Figaro-Montmany",NA,7356,93963,31037
"Figols",NA,4767.25,46838,9805
"Figols i Alinya",NA,6953,80410,19544
"Figuera",NA,13098,177297,51420
"Figueres",NA,9750,97933,30500
"Figuerola del Camp",NA,9844.75,133348,37024
"Flaca",NA,NA,NA,NA
"Flix",NA,NA,NA,NA
"Floresta",NA,NA,NA,NA
"Fogars de la Selva",NA,8687,114419,37685
"Fogars de Montclus",NA,8957,100999,33978
"Foixa",NA,9962,107359,33770
"Folgueroles",NA,6465,72513,23637
"Fondarella",NA,8661,127621,35868
"Fonollosa",NA,6059,81264,22361
"Fontanals de Cerdanya",NA,2860,19103,7960
"Fontanilles",NA,10758,116203,36007
"Fontcoberta",NA,9212,86816,27693
"Font-rubi",NA,7592,117600,32433
"Foradada",NA,NA,NA,NA
"Forallac",NA,10607,116275,35760
"Fores",NA,NA,NA,NA
"Fornells de la Selva",NA,8644,103788,34450
"Fortia",NA,10207,103475,31973
"Franqueses del Valles",NA,7706,101497,30893
"Freginals",NA,13026,216910,59168
"Fuliola",NA,8840,116997,33192
"Fulleda",NA,9865,132969,37738
"Gaia",NA,NA,NA,NA
"Galera",NA,NA,NA,NA
"Gallifa",NA,8264,94857,26595
"Gandesa",NA,13276.875,194047,55083
"Garcia",NA,NA,NA,NA
"Garidells",NA,10035,147629,40720
"Garriga",NA,NA,NA,NA
"Garrigas",NA,9879.375,98117,30866
"Garrigoles",NA,10126,106477,33841
"Garriguella",NA,10733.875,108277,33102
"Gava",NA,NA,NA,NA
"Gavet de la Conca",NA,9491,112842,30875
"Gelida",NA,7538,113192,29890
"Ger",NA,NA,NA,NA
"Gimenells i el Pla de la Font",NA,10382,159517,43091
"Ginestar",NA,12419,194952,55726
"Girona",NA,9070,101125,34034
"Gironella",NA,4415,49239,12651
"Gisclareny",NA,3999,8874,4577
"Godall",NA,13645,221834,60692
"Golmes",NA,8479,124365,35011
"Gombren",NA,5072,30233,10665
"Gosol",NA,4745,57597,10766
"Granada",NA,36336.875,669232,181309
"Granadella",NA,23861,420404,113300
"Granera",NA,7527,87901,23420
"Granja d'Escarp",NA,11069,168847,47023
"Granollers",NA,7939.875,104127,31817
"Granyanella",NA,7993,109022,31139
"Granyena de les Garrigues",NA,10351,149794,42505
"Granyena de Segarra",NA,8039,109276,31413
"Gratallops",NA,12230,175100,51044
"Gualba",NA,9430.625,108404,37126
"Gualta",NA,10522,114706,35544
"Guardiola de Bergueda",NA,2953,13160,6209
"Guiamets",NA,11882,183729,50756
"Guils de Cerdanya",NA,3599,24079,9451
"Guimera",NA,8696,117764,34102
"Guingueta d'Aneu",NA,8660,133263,31650
"Guissona",NA,7666,96017,27348
"Guixers",NA,6164,59516,16620
"Gurb",NA,6095,66988,22558
"Horta de Sant Joan",NA,14646.25,208662,59203
"Hospitalet de Llobregat",NA,8201,123013,33218
"Hostalets de Pierola",NA,7612,101491,28754
"Hostalric",NA,8408,110442,37235
"Igualada",NA,6986.75,100514,27093
"Isona i Conca Della",NA,8720,102009,27161
"Isovol",NA,2609,16826,7360
"Ivars d'Urgell",NA,8536,118926,33530
"Ivars de Noguera",NA,10111.625,144185,39240
"Ivorra",NA,7264,91374,25694
"Jafre",NA,9925,106342,33324
"Jonquera",NA,11114,115025,37312
"Jorba",NA,NA,102810,NA
"Josa i Tuixen",NA,5663,65119,13771
"Juia",NA,9475,101485,31897
"Juncosa",NA,11194,152606,43140
"Juneda",NA,9320,134115,37591
"Les",NA,NA,NA,NA
"Linyola",NA,8869,123705,34911
"Llacuna",NA,8175,115920,31215
"Llado",NA,9203,NA,28487
"Lladorre",NA,9078,101293,30703
"Lladurs",NA,6989,74843,20364
"Llagosta",NA,7524,108076,32396
"Llagostera",NA,8955,113834,37724.625
"Llambilles",NA,8780,106389,35445
"Llanars",NA,7539,57714,17790
"Llanca",NA,10924.875,112961,34490
"Llardecans",NA,10918,158725,45152
"Llavorsi",NA,7961,95461,29466
"Lleida",NA,9769,144389,40534
"Llers",NA,10014,99022,30760
"Lles de Cerdanya",NA,3804,23003,8971
"Llica d'Amunt",NA,8081,100638.125,30369
"Llica de Vall",NA,7832,103436.625,31227
"Llimiana",NA,10590,119470,32614
"Llinars del Valles",NA,8393,108502,33267
"Llivia",NA,3374,26235,9602
"Lloar",NA,12504,178243,52352
"Llobera",NA,6981,77502,21013
"Llorac",NA,8615,114565,33656
"Llorenc del Penedes",NA,9032.375,133263,37663
"Lloret de Mar",NA,9245,118782,38501
"Llosses",NA,6126,40060,15132
"Lluca",NA,5161,49583,16447
"Macanet de Cabrenys",NA,11520.5,105182,34985
"Macanet de la Selva",NA,8591,107972,35703
"Madremanya",NA,9857,106224,33016
"Maia de Montcal",NA,8897,83960,26763
"Maials",NA,10851,162994,45934
"Malda",NA,NA,6936384,NA
"Malgrat de Mar",NA,9764.75,121572,39568
"Malla",NA,129599,2181927,NA
"Manlleu",NA,6442,67042,23666
"Manresa",NA,NA,NA,NA
"Marca",NA,NA,NA,NA
"Margalef",NA,12262.5,163900,47812
"Marganell",NA,6414,89306,24352
"Martorell",NA,7101,107813,28011
"Martorelles",NA,7642,107897,32241
"Mas de Barberans",NA,13766,223734,62127
"Masarac",NA,10496.375,105613,32512
"Masdenverge",NA,13013,215534,59061
"Masies de Roda",NA,6517,69144,24696
"Masies de Voltrega",NA,6401,62941,22722
"Masllorenc",NA,9516,139019,39376
"Masnou",NA,8140,116725,35592
"Maso",NA,NA,NA,NA
"Maspujols",NA,10537,158524,44203
"Masquefa",NA,7779,106517,28733
"Masroig",NA,11920,184086,50930
"Massalcoreig",NA,10842,166499,47025
"Massanes",NA,8660,111142,36545
"Massoteres",NA,7686,94518,26912
"Matadepera",NA,8148,96332,26401
"Mataro",NA,8517,119507,37952
"Mediona",NA,7647,111252,30212
"Menarguens",NA,9511.625,134706,36526
"Meranges",NA,3341,21813,8456
"Mieres",NA,33594,625121,174318
"Mila",NA,NA,NA,NA
"Miralcamp",NA,8922,128681,36205
"Miravet",NA,12694,195802,55819
"Moia",NA,NA,NA,NA
"Molar",NA,NA,NA,NA
"Molins de Rei",NA,7654,116105,30600
"Mollerussa",NA,8846,126644,35634
"Mollet de Peralada",NA,10704.375,107368,33022
"Mollet del Valles",NA,7533,106487,31705
"Mollo",NA,NA,NA,NA
"Molsosa",NA,7263,84021,24169
"Monistrol de Calders",NA,6482,82341,21972
"Monistrol de Montserrat",NA,6186.25,92961.5,24474
"Montagut i Oix",NA,9019,74361,24264
"Montblanc",NA,NA,NA,NA
"Montbrio del Camp",NA,10728,163392,45304
"Montcada i Reixac",NA,7306,109763,31891
"Montclar",NA,25401,404754,114348
"Montella i Martinet",NA,3131,18708,8261
"Montesquiu",NA,6579,54800,20091
"Montferrer i Castellbo",NA,5898,67989,16146
"Montferri",NA,9436,139280,38483
"Montgai",NA,8839,118739,32148
"Montgat",NA,7800,117883,35122
"Montmajor",NA,5001,53640,13785
"Montmaneu",NA,7575,103396,29644
"Montmell",NA,9492,129721,37007
"Montmelo",NA,7779,107106,32375
"Montoliu de Lleida",NA,9679,148980,41897
"Montoliu de Segarra",NA,8322,112336,32102
"Montornes de Segarra",NA,8596,113431,32745
"Montornes del Valles",NA,7867,108541,32687
"Mont-ral",NA,11386,150949,42357
"Mont-ras",NA,10130,122303,37500
"Mont-roig del Camp",NA,10891,167657,46475
"Montseny",NA,8459,90481,29294
"Mora d'Ebre",NA,12240,191000,54431
"Mora la Nova",NA,12165,189419,54056
"Morell",NA,NA,NA,NA
"Morera de Montsant",NA,12659,165166,48344
"Muntanyola",NA,7073,71878,22652
"Mura",NA,NA,NA,NA
"Nalec",NA,8507,120287,33619
"Naut Aran",NA,12666,159673,38097
"Navarcles",NA,5969,77980,20916
"Navas",NA,NA,NA,NA
"Navata",NA,9340,90839,28580
"Naves",NA,18865,316967,97187
"Nou de Bergueda",NA,3805,35783,8005
"Nou de Gaia",NA,9574,148812,41450
"Nulles",NA,9669,141921,39472
"Oden",NA,NA,NA,NA
"Odena",NA,7265,99253,26817
"Ogassa",NA,6765,48610,15749
"Olerdola",NA,8296,123600,34871
"Olesa de Bonesvalls",NA,8424,124051,34013
"Olesa de Montserrat",NA,6717,100706,26166
"Oliana",NA,6177,87029,21292
"Oliola",NA,7636,102581,27728
"Olius",NA,6418,70397,19309
"Olivella",NA,NA,NA,NA
"Olost",NA,5243,57428,17969
"Olot",NA,8146.25,62679,21337
"Oluges",NA,7322,100240,28372
"Olvan",NA,4305,48976,12858
"Omellons",NA,9392,132476,37373
"Omells de na Gaia",NA,9373,127721,36261
"Ordis",NA,NA,NA,NA
"Organya",NA,5309,72685,17309
"Oris",NA,NA,NA,NA
"Orista",NA,5994,62681,19266
"Orpi",NA,34488.25,643771,205622
"Orrius",NA,8497,111606,34377
"Os de Balaguer",NA,9622,134844,37153
"Osor",NA,63218.5,941157,NA
"Osso de Sio",NA,7989,105987,30152
"Pacs del Penedes",NA,8276.125,122322,34327.75
"Palafolls",NA,9608.5,120075,39117
"Palafrugell",NA,10516,121724,37195
"Palamos",NA,10114,125031,42176
"Palau d'Anglesola",NA,8630,126489,35595
"Palau de Santa Eulalia",NA,10139,99910,31278
"Palau-sator",NA,10749,116635,36072
"Palau-saverdera",NA,11186,111046,34024
"Palau-solita i Plegamans",NA,7466,101082,30104
"Pallaresos",NA,10110,149002,41439
"Palleja",NA,7429,114691,30129
"Palma d'Ebre",NA,12450,168598,48650
"Palma de Cervello",NA,7880,118373,31451
"Palol de Revardit",NA,9086,91633,29841
"Pals",NA,NA,NA,NA
"Papiol",NA,7676.75,115611.375,30478
"Pardines",NA,6131,47113.875,14807
"Parets del Valles",NA,7467,105441,31667
"Parlava",NA,10047,110123,34261
"Passanant i Belltall",NA,9179,122497,34936
"Pau",NA,16351,225510,69385
"Pauls",NA,NA,NA,NA
"Pedret i Marza",NA,10564.875,105867,32596
"Penelles",NA,8871,119724,33144
"Pera",NA,NA,NA,NA
"Perafita",NA,42479,819454,224694
"Perafort",NA,10086,148565,41223
"Peralada",NA,10464.875,103099,32022
"Peramola",NA,6690,87595,21543
"Perello",NA,NA,NA,NA
"Piera",NA,7432,102753,29063
"Piles",NA,NA,NA,NA
"Pineda de Mar",NA,9493,125462,40555
"Pinell de Brai",NA,13348,198112,56905
"Pinell de Solsones",NA,7631,82415,22975
"Pinos",NA,NA,NA,NA
"Pira",NA,NA,NA,NA
"Pla de Santa Maria",NA,9843.75,133478,36694
"Pla del Penedes",NA,7733,117140,32776
"Planes d'Hostoles",NA,8079,77919,26884
"Planoles",NA,4908,37425,15068
"Plans de Sio",NA,7930,103436,29584
"Poal",NA,8918,127673,35776
"Pobla de Cervoles",NA,10742,145821,40969
"Pobla de Claramunt",NA,6783,102081,27493
"Pobla de Lillet",NA,3452,19414,7346
"Pobla de Mafumet",NA,10033,151395,41776
"Pobla de Massaluca",NA,13360,193664,54566
"Pobla de Montornes",NA,9430,147320,41539
"Pobla de Segur",NA,8505,108727,30650
"Poboleda",NA,12179,166309,49359
"Polinya",NA,7458,104602,30558.375
"Pont d'Armentera",NA,9263,128321,35322
"Pont de Bar",NA,3416,51229,9985
"Pont de Molins",NA,10185.375,102191,31635
"Pont de Suert",NA,11009,142742,38757
"Pont de Vilomara i Rocafort",NA,5951,81375,22077
"Pontils",NA,8468,118141,32563
"Pontons",NA,9178,121131,33607
"Pontos",NA,NA,NA,NA
"Ponts",NA,NA,NA,NA
"Porqueres",NA,9449,85754,28229
"Porrera",NA,11543,169974,48310
"Port de la Selva",NA,12076.875,121896,37142
"Portbou",NA,12194.875,125096,37456
"Portella",NA,NA,NA,NA
"Pradell de la Teixeta",NA,11258,175715,47103
"Prades",NA,6980,68650,23741
"Prat de Comte",NA,14046,205593,58935
"Prat de Llobregat",NA,8231,126832,33726
"Pratdip",NA,11364,175618,48387
"Prats de Llucanes",NA,4977,53548,15872
"Prats de Rei",NA,6832,91890,27113
"Prats i Sansor",NA,2353,14407,7016
"Preixana",NA,8380,119314,33742
"Preixens",NA,8588,112731,32884
"Premia de Dalt",NA,8220,117034,36382
"Premia de Mar",NA,8175,118181,36253
"Preses",NA,7438,65202,22481
"Prullans",NA,2798,15415,7018
"Puigcerda",NA,3047,22296,8740
"Puigdalber",NA,7574,118611,32738
"Puiggros",NA,9029,131137,36755
"Puigpelat",NA,9601,139302,38618
"Puig-reig",NA,4470,53904,13895
"Puigverd d'Agramunt",NA,8127,108779,31377
"Puigverd de Lleida",NA,9634,140096,39236
"Pujalt",NA,7229,95180,27142
"Quar",NA,NA,NA,NA
"Quart",NA,NA,NA,NA
"Queralbs",NA,6677,50911,16396
"Querol",NA,8630,122371,33306
"Rabos",NA,11669.5,112128,34288
"Rajadell",NA,6362,85878,23923
"Rasquera",NA,12704,199715,56746
"Regencos",NA,10618,122126,38195
"Rellinars",NA,6544,91346,24674
"Renau",NA,NA,NA,NA
"Reus",NA,10347,156468,43520
"Rialp",NA,7402,97357,26903
"Riba",NA,NA,NA,NA
"Riba-roja d'Ebre",NA,12200,177415,51789.125
"Ribera d'Ondara",NA,7763,108440,31328
"Ribera d'Urgellet",NA,6066,64073,15268
"Ribes de Freser",NA,5432,43340,14036
"Riells i Viabrea",NA,8698,110803,35585
"Riera de Gaia",NA,9407,150602,42266
"Riner",NA,NA,NA,NA
"Ripoll",NA,6069,40406,13779
"Ripollet",NA,7462,109576,31350
"Riu de Cerdanya",NA,1991,11253,5534
"Riudarenes",NA,8224,102822,34199
"Riudaura",NA,8235,61809,21476
"Riudecanyes",NA,11046,166605,46027
"Riudecols",NA,11104,164323,45637
"Riudellots de la Selva",NA,8416,104698,35177
"Riudoms",NA,10418,159923,44498
"Riumors",NA,10178.875,103638,31954
"Roca del Valles",NA,8155,107626,33042
"Rocafort de Queralt",NA,8787,121329,34125
"Roda de Bera",NA,9368,143301,40926
"Roda de Ter",NA,6528,69391,24820
"Rodonya",NA,9352,139578,38972
"Roquetes",NA,13006,213782,60372
"Roses",NA,NA,NA,NA
"Rossello",NA,NA,145630,39639
"Rourell",NA,10091,147497,40645
"Rubi",NA,NA,NA,NA
"Rubio",NA,NA,NA,NA
"Rupia",NA,NA,NA,NA
"Rupit i Pruit",NA,8396,82716,27277
"Sabadell",NA,NA,NA,NA
"Sagas",NA,NA,NA,NA
"Salas de Pallars",NA,8952,112859,31552
"Saldes",NA,4301.625,52116.5,9610.875
"Sales de Llierca",NA,8634,75759,24772
"Sallent",NA,5098,68234,18177
"Salomo",NA,NA,NA,NA
"Salou",NA,10299,162914,45365
"Salt",NA,NA,NA,NA
"Sanauja",NA,7683,91935,26352
"Sant Adria de Besos",NA,7732,116460,33544
"Sant Agusti de Llucanes",NA,5926,48046,17271
"Sant Andreu de la Barca",NA,7461,111500,29288
"Sant Andreu de Llavaneres",NA,8661,119677,39089
"Sant Andreu Salou",NA,8719,108049,35680
"Sant Aniol de Finestres",NA,9113,86463,29568
"Sant Antoni de Vilamajor",NA,8878,105635,33402
"Sant Bartomeu del Grau",NA,5846,59176,19490
"Sant Boi de Llobregat",NA,8058,121636,32207
"Sant Boi de Llucanes",NA,6248,53223,19003
"Sant Carles de la Rapita",NA,13342,220414,60535
"Sant Cebria de Vallalta",NA,9125,117748,38933
"Sant Celoni",NA,9546,111618,36880
"Sant Climent de Llobregat",NA,9076.875,126277,33731.25
"Sant Climent Sescebes",NA,10661.375,107175,32912
"Sant Cugat del Valles",NA,7096,112368,30549
"Sant Cugat Sesgarrigues",NA,8161,118839,33467
"Sant Esteve de la Sarga",NA,11433,132858,36117
"Sant Esteve de Palautordera",NA,8960,100534,33651
"Sant Esteve Sesrovires",NA,7329,106940,27873
"Sant Feliu de Buixalleu",NA,8290,106206,33637
"Sant Feliu de Codines",NA,7911,91707,26530
"Sant Feliu de Guixols",NA,9607,124293,40625
"Sant Feliu de Llobregat",NA,8090,120218,31825
"Sant Feliu de Pallerols",NA,7856,74974,25618
"Sant Feliu Sasserra",NA,5664,60069,18058
"Sant Ferriol",NA,9503,79944,25799
"Sant Fost de Campsentelles",NA,7709,108601,32215
"Sant Fruitos de Bages",NA,5405,75871,20322
"Sant Gregori",NA,8894,98243,33595
"Sant Guim de Freixenet",NA,7505,100836,28880
"Sant Guim de la Plana",NA,7529,95516,26829
"Sant Hilari Sacalm",NA,7507,92702,29976
"Sant Hipolit de Voltrega",NA,6417,62484,22521
"Sant Iscle de Vallalta",NA,9195,114994,38087
"Sant Jaume d'Enveja",NA,12876,209798,58162
"Sant Jaume de Frontanya",NA,4621,28417,10336
"Sant Jaume de Llierca",NA,8442,72304,23621
"Sant Jaume dels Domenys",NA,8972,131384,37112
"Sant Joan de les Abadesses",NA,6521,46244,15324
"Sant Joan de Mollet",NA,9560,103624,32378
"Sant Joan de Vilatorrada",NA,5643,79364,21821
"Sant Joan Despi",NA,7924,120809,32020
"Sant Joan les Fonts",NA,7832,65014,21286
"Sant Jordi Desvalls",NA,9650,102046,32218
"Sant Julia de Cerdanyola",NA,3903,18300,7421
"Sant Julia de Ramis",NA,9340,98477,31124
"Sant Julia de Vilatorta",NA,6412,72881,23733
"Sant Julia del Llor i Bonmati",NA,8684,90056,30880
"Sant Just Desvern",NA,7850.125,120748,31827
"Sant Llorenc d'Hortons",NA,7734,109417,29936
"Sant Llorenc de la Muga",NA,10607,102174,32164
"Sant Llorenc de Morunys",NA,6404,62436,17337
"Sant Llorenc Savall",NA,7648,91996,24676
"Sant Marti d'Albars",NA,5230,52726,17388
"Sant Marti de Centelles",NA,7029,85158,27798
"Sant Marti de Llemena",NA,9212,88705,30258
"Sant Marti de Riucorb",NA,8546,120608,34166
"Sant Marti de Tous",NA,7675,109465,29253
"Sant Marti Sarroca",NA,8276,123127,34315
"Sant Marti Sesgueioles",NA,6877,93682,27153
"Sant Marti Vell",NA,9625,102971,32559
"Sant Mateu de Bages",NA,7222,79686,22486
"Sant Miquel de Campmajor",NA,9550,80730,27197
"Sant Miquel de Fluvia",NA,10022,101495,31829
"Sant Mori",NA,9852,101945,32239
"Sant Pau de Seguries",NA,7037,51995,16592
"Sant Pere de Ribes",NA,8614,132397,39366
"Sant Pere de Riudebitlles",NA,7369,112082,31216
"Sant Pere de Torello",NA,6833,66622,22985
"Sant Pere de Vilamajor",NA,9405.25,103517,34165
"Sant Pere Pescador",NA,10381.625,107013,32808
"Sant Pere Sallavinera",NA,6710,85788,24932
"Sant Pol de Mar",NA,8797,119743,39526
"Sant Quinti de Mediona",NA,7695,113758,31155
"Sant Quirze de Besora",NA,6670,55692,20143
"Sant Quirze del Valles",NA,6818,106352,29330
"Sant Quirze Safaja",NA,7529,87519.25,25696
"Sant Ramon",NA,6970,96043,26954
"Sant Sadurni d'Anoia",NA,7927,111062,31284
"Sant Sadurni d'Osormort",NA,7198.625,79640,26073
"Sant Salvador de Guardiola",NA,6002,84984,22867
"Sant Vicenc de Castellet",NA,6107,84613,23058
"Sant Vicenc de Montalt",NA,8767,121373,39400.25
"Sant Vicenc de Torello",NA,7122,64929,22415
"Sant Vicenc dels Horts",NA,7746,117881.875,30995
"Santa Barbara",NA,NA,NA,NA
"Santa Cecilia de Voltrega",NA,6317,62720,22678
"Santa Coloma de Cervello",NA,7923,119334,31546
"Santa Coloma de Farners",NA,7930,98512,33095
"Santa Coloma de Gramenet",NA,7548.75,114244,32988
"Santa Coloma de Queralt",NA,8106,112756,31368
"Santa Cristina d'Aro",NA,9441,119707,39112
"Santa Eugenia de Berga",NA,6715,71801,23568
"Santa Eulalia de Riuprimer",NA,6634,68384,21771
"Santa Eulalia de Roncana",NA,7880,99609,30062
"Santa Fe del Penedes",NA,7837,117750,33188
"Santa Llogaia d'Alguema",NA,9791.875,97390,30453
"Santa Margarida de Montbui",NA,6884,103006,27885
"Santa Margarida i els Monjos",NA,8326,125194,35554
"Santa Maria d'Olo",NA,5971,71656,20898
"Santa Maria de Besora",NA,7100,55598,18395
"Santa Maria de Martorelles",NA,7964,109724,32443
"Santa Maria de Merles",NA,4984,54466,15421
"Santa Maria de Miralles",NA,7718,111720,30175
"Santa Maria de Palautordera",NA,8801,102125,33994
"Santa Oliva",NA,9189,135308.875,38375.75
"Santa Pau",NA,8492,69545,23351
"Santa Perpetua de Mogoda",NA,7432,105726,31386
"Santa Susanna",NA,9548,122907,39981
"Santpedor",NA,5615,74112,20151
"Sarral",NA,8992,125202,35130
"Sarria de Ter",NA,8624,98535,31051
"Sarroca de Bellera",NA,9421,120284,32902
"Sarroca de Lleida",NA,10221,154809,43577
"Saus, Camallera i Llampaies",NA,9744,100729,32452
"Savalla del Comtat",NA,8734,116297,32948
"Secuita",NA,9911,145969,40482
"Selva de Mar",NA,11898.875,119482,36420
"Selva del Camp",NA,10709,152125,42109
"Senan",NA,NA,NA,NA
"Senia",NA,NA,NA,NA
"Senterada",NA,8980,115434,31937
"Sentiu de Sio",NA,8675,123784,33595
"Sentmenat",NA,8002,99642.125,28828.75
"Serinya",NA,9093,83882,27051
"Seros",NA,NA,NA,NA
"Serra de Daro",NA,10252,112837,35044
"Setcases",NA,8158,63612,18917
"Seu d'Urgell",NA,4116,56165,12852
"Seva",NA,NA,NA,NA
"Sidamon",NA,8807,130249,36543
"Sils",NA,NA,NA,NA
"Sitges",NA,8922,134263,38833
"Siurana",NA,12830,159185,46580
"Sobremunt",NA,6432,54419,19352
"Soleras",NA,43400.625,NA,258059
"Solivella",NA,9067,129342,36863
"Solsona",NA,6660,72161,19743
"Sora",NA,NA,NA,NA
"Soriguera",NA,6721,86656,22467
"Sort",NA,NA,NA,NA
"Soses",NA,10185,155490,43495
"Subirats",NA,8104,117326,32652
"Sudanell",NA,9833,150328,42319
"Sunyer",NA,10006,150256,42254
"Suria",NA,5890,71834,NA
"Susqueda",NA,9426,93675,31194
"Tagamanent",NA,7778,91016,30021
"Talamanca",NA,NA,NA,NA
"Talarn",NA,9243,116479,31755
"Talavera",NA,NA,NA,NA
"Tallada d'Emporda",NA,10195,109560,34954
"Taradell",NA,6548,74106,23956
"Tarragona",NA,9921,154694,43426
"Tarrega",NA,7864,111640,31657
"Tarres",NA,10043,137209,38831
"Tarroja de Segarra",NA,7400,100002,28235
"Tavernoles",NA,6429,71943,24167
"Tavertet",NA,8312,82819,28346
"Teia",NA,NA,NA,NA
"Termens",NA,9452.25,132584,37100
"Terrades",NA,10441,99549,31043
"Terrassa",NA,6738,102554,27525
"Tiana",NA,NA,NA,NA
"Tirvia",NA,8439,90193,27495
"Tiurana",NA,7176,96146,24852
"Tivenys",NA,13739,212269,62099
"Tivissa",NA,11889,187219,53016
"Tona",NA,NA,NA,NA
"Tora",NA,NA,NA,NA
"Tordera",NA,9283,116183,38379
"Torello",NA,6786.5,64472,22488
"Torms",NA,NA,NA,NA
"Tornabous",NA,8259,114296,32376
"Torre de Cabdella",NA,9927,122624,33801
"Torre de Claramunt",NA,7620,105867,28531
"Torre de Fontaubella",NA,11777,177416,48453
"Torre de l'Espanyol",NA,12280,179443,52495
"Torrebesses",NA,10309,153790,43855
"Torredembarra",NA,9456,147879,41657
"Torrefarrera",NA,9499,144851,39537
"Torrefeta i Florejacs",NA,7898,99418,28334
"Torregrossa",NA,NA,NA,NA
"Torrelameu",NA,9584,137031,37418
"Torrelavit",NA,7702,112568,32323
"Torrelles de Foix",NA,8797,124487,34563
"Torrelles de Llobregat",NA,8198,121613,32255
"Torrent",NA,NA,NA,NA
"Torres de Segre",NA,10239,154213,43184
"Torre-serona",NA,9352,143299,39119
"Torroella de Fluvia",NA,10120.625,105029,32756
"Torroella de Montgri",NA,10604,113985,36107
"Torroja del Priorat",NA,12154,170927,49985
"Tortella",NA,8558,74398,24270
"Tortosa",NA,12939,212250,59825
"Toses",NA,4077,29941,12154
"Tossa de Mar",NA,9794,123883,41611
"Tremp",NA,9379.75,114960,31341
"Ulla",NA,NA,NA,NA
"Ullastrell",NA,7065,108094,28614
"Ullastret",NA,10439,113497,35126
"Ulldecona",NA,13540,225369,61428
"Ulldemolins",NA,11565,155255,44290
"Ultramort",NA,10189,110304,34640
"Urus",NA,NA,NA,NA
"Vacarisses",NA,6247,96035,25269
"Vajol",NA,11173.5,109439,34770
"Vall d'en Bas",NA,7540,67973,23138
"Vall de Bianya",NA,7547,64917,20085
"Vall de Boi",NA,12321,156120,41958
"Vall de Cardos",NA,8518,95969,29385
"Vallbona d'Anoia",NA,7057,103896,28965
"Vallbona de les Monges",NA,9045,124177,35612
"Vallcebre",NA,4153,47160,8184
"Vallclara",NA,10333,142982,40531
"Vallfogona de Balaguer",NA,9156.125,129087,35205
"Vallfogona de Ripolles",NA,7482,49948,16411
"Vallfogona de Riucorb",NA,9036,118465,34384
"Vallgorguina",NA,8621,109431,35931
"Vallirana",NA,7868.25,121523.125,32177
"Vall-llobrega",NA,10084,123076,42825
"Vallmoll",NA,9982,143768,39567
"Vallromanes",NA,8046,111477,33419
"Valls",NA,9782,140810,38770
"Valls d'Aguilar",NA,6773,80418,18832
"Valls de Valira",NA,4270,59464,13578
"Vandellos i l'Hospitalet de l'Infant",NA,11062,175748,49318
"Vansa i Fornols",NA,6560,74480,17570
"Veciana",NA,7418,99303,29046
"Vendrell",NA,9113,137035,39102
"Ventallo",NA,9919,105128,32927
"Verdu",NA,NA,NA,NA
"Verges",NA,NA,NA,NA
"Vespella de Gaia",NA,9804,146225,40918
"Vic",NA,NA,NA,NA
"Vidra",NA,NA,NA,NA
"Vidreres",NA,8470,108390,35571
"Vielha e Mijaran",NA,12395,171400,44692
"Vilabella",NA,NA,NA,NA
"Vilabertran",NA,10237.875,100406,31267
"Vilablareix",NA,8603,101093,33910
"Vilada",NA,4389,33491,11475
"Viladamat",NA,10098,108502,33894
"Viladasens",NA,9532,100718,32439
"Viladecans",NA,8272,125397,33204
"Viladecavalls",NA,6517,102204,27124.5
"Vilademuls",NA,9488,95862,30937
"Viladrau",NA,7475,82850,26475
"Vilafant",NA,9568,96391,30115
"Vilafranca del Penedes",NA,8282,120791,33933
"Vilagrassa",NA,7976,113289,32075
"Vilajuiga",NA,10690,107938,33133
"Vilalba dels Arcs",NA,13696.75,193084,56677
"Vilalba Sasserra",NA,9191,109752,34474
"Vilaller",NA,11482,148877,40137
"Vilallonga de Ter",NA,7786,59726,18165
"Vilallonga del Camp",NA,10276,149643,41271
"Vilamacolum",NA,10230,104986,32376
"Vilamalla",NA,9979,99053,30880
"Vilamaniscle",NA,11000,110389,33683
"Vilamos",NA,13519,178458,46994
"Vilanant",NA,9650,94587,29718
"Vilanova d'Escornalbou",NA,11072,168149,46558
"Vilanova de Bellpuig",NA,8513,123073,34771
"Vilanova de l'Aguda",NA,7750.5,96277,26159
"Vilanova de la Barca",NA,9417,135627,37967
"Vilanova de Meia",NA,8749,119499,31965
"Vilanova de Prades",NA,10648,146603,41278
"Vilanova de Sau",NA,7243,79797,25826
"Vilanova de Segria",NA,9740,143207,38908
"Vilanova del Cami",NA,7066,101355,27334
"Vilanova del Valles",NA,7998,109028,33262
"Vilanova i la Geltru",NA,8876,134824,40669
"Vilaplana",NA,10868,157878,43611
"Vila-rodona",NA,9386,135121,37365
"Vila-sacra",NA,10249.875,101847,31811
"Vila-sana",NA,8599,123172,34703
"Vila-seca",NA,10090,160959,44592
"Vilassar de Dalt",NA,8142,116649,36607
"Vilassar de Mar",NA,8420,118637,36816
"Vilaur",NA,9623,99269,31958
"Vilaverd",NA,9873,138187,38864
"Vilella Alta",NA,12802,173208,51620
"Vilella Baixa",NA,12587,174888,52429
"Vilobi d'Onyar",NA,8244,100841,33995
"Vilobi del Penedes",NA,8162,122008,33725
"Vilopriu",NA,9886,103910,33232
"Vilosell",NA,10291,142585,39846
"Vimbodi i Poblet",NA,9898,138885,38747
"Vinaixa",NA,10108,136611,38956
"Vinebre",NA,12090,180481,51902
"Vinyols i els Arcs",NA,10513,161736,45015
"Viver i Serrateix",NA,5328,59453,16091
"Xerta",NA,NA,NA,NA
